state_newspaper,newspaper,newspaper_id,year,state_election,prop_type,prop_num,prop_desc,endorsed,notes_endorse,extraction_confidence,extraction_confidence_note,normalization_confidence,match_confidence,overall_confidence,input_mode,source_file,filename,flag
AL,Birmingham News,100101,1932,AL,AMENDMENT,6,"AUTHORIZE $100,000,000 BOND ISSUE WHEN LOCAL AREA IS DETERMINED; BONDS TO BE USED ON GROUND THAT IT WILL SUPPLY MONEY TO THE SCHOOLS",1,NEWSPAPER ENDORSES ALL AMENDMENTS AS DESCRIBED IN ARTICLE,0.8,Endorsement appears to be general approval of amendments including No. 6,,,,pdf,,100101_19321105,
AL,Birmingham News,100101,1932,AL,AMENDMENT,1,WOULD PROVIDE A SENATOR FROM THE COUNTY SELECTED FROM DISTRICT IN LIEU OF ONE OF THE PRESENT SENATE MEMBERS BY LEGISLATIVE APPOINTMENT,1,ENDORSEMENT DISCUSSED IN EDITORIAL,0.85,QA VERIFIED: CONFIRMED FROM SCAN,,,,pdf,,100101_19321106,
AL,Birmingham News,100101,1932,AL,AMENDMENT,2,"WOULD AUTHORIZE A $150,000,000 BOND ISSUE WHEN LOCAL AREA IS DETERMINED; BONDS TO BE USED ON GROUND THAT IT WILL SUPPLY MONEY TO THE SCHOOLS",0,NEWSPAPER OPPOSES THIS AMENDMENT - CONCERNS ABOUT FISCAL RESPONSIBILITY,0.8,Clear opposition stated in editorial text,,,,pdf,,100101_19321106,
AL,Birmingham News,100101,1932,AL,AMENDMENT,3,WOULD ENABLE RELIEF OF FINANCIAL RECONSTRUCTION PROVISIONS,1,ENDORSED - ADDRESSES FINANCIAL CRISIS RELIEF,0.85,QA VERIFIED: CONFIRMED FROM SCAN,,,,pdf,,100101_19321106,
AL,Birmingham News,100101,1932,AL,AMENDMENT,5,WOULD AUTHORIZE LEGISLATURE TO LEVY INCOME TAX WITHOUT CONSTITUTIONAL LIMITATION ON RATES,1,ENDORSED - ADDRESSES REVENUE NEEDS,0.85,QA VERIFIED: CONFIRMED FROM SCAN,,,,pdf,,100101_19321106,
AL,Birmingham News,100101,1932,AL,AMENDMENT,8,BOND ISSUE AMENDMENT FOR RELIEF FROM RECONSTRUCTION FINANCE CORPORATION,1,VOTE YES ON NO. 8,0.85,Clear directive to vote 'Yes' on No. 8,,,,pdf,,100101_19321107,
AL,Birmingham News,100101,1936,AL,AMENDMENT,1,"AMENDMENT APPLICABLE ONLY TO JEFFERSON COUNTY FOR CREATING OFFICE OF COUNTY COMPTROLLER AND MERGING TAX OFFICES - WOULD SAVE AT LEAST $30,000 ANNUALLY",1,VOTERS OF ALABAMA WILL BE SAFE VOTING YES ON ALL FIVE AMENDMENTS,0.8,Endorsement in context of all five amendments,,,,pdf,,100101_19361101,
AL,Birmingham News,100101,1936,AL,AMENDMENT,2,LOCAL AMENDMENT FOR MONTEVALLO - PERMITS TOWN TO LEVY ADDITIONAL PROPERTY TAX,1,VOTERS OF ALABAMA WILL BE SAFE VOTING YES ON ALL FIVE AMENDMENTS,0.8,Endorsement in context of all five amendments,,,,pdf,,100101_19361101,
AL,Birmingham News,100101,1936,AL,AMENDMENT,3,STATEWIDE AMENDMENT EMPOWERING COURTS IN ALL COUNTIES TO SUSPEND EXECUTION OR IMPEACHMENT OF SENTENCES - IMPROVES PROBATION SYSTEM,1,VOTERS OF ALABAMA WILL BE SAFE VOTING YES ON ALL FIVE AMENDMENTS,0.8,Endorsement in context of all five amendments,,,,pdf,,100101_19361101,
AL,Birmingham News,100101,1936,AL,AMENDMENT,4,"ABOLISHES FEE SYSTEM FOR PROBATE JUDGE, TAX ASSESSOR, AND TAX COLLECTOR OF LIMESTONE COUNTY - PLACES OFFICIALS ON SALARY BASIS",1,VOTERS OF ALABAMA WILL BE SAFE VOTING YES ON ALL FIVE AMENDMENTS,0.8,Endorsement in context of all five amendments,,,,pdf,,100101_19361101,
AL,Birmingham News,100101,1936,AL,AMENDMENT,5,AUTHORIZES COMMUNITIES IN STATE TO LEVY SPECIAL TAXES BUT ONLY IF VOTERS IN DISTRICTS CONCERNED APPROVE IN ELECTIONS,1,VOTERS OF ALABAMA WILL BE SAFE VOTING YES ON ALL FIVE AMENDMENTS,0.8,Endorsement in context of all five amendments,,,,pdf,,100101_19361101,
AL,Birmingham News,100101,1940,AL,AMENDMENT,1,FREE O'NEAL BRIDGE OVER TENNESSEE RIVER AT FLORENCE OF TOLLS - LAST REMAINING TOLL BRIDGE IN ALABAMA,1,NEWSPAPER URGES PASSAGE - VOTERS HAVE FREED 16 OTHER TOLL BRIDGES AND SHOULD FREE THIS ONE,0.9,Clear endorsement for approval,,,,pdf,,100101_19401104,
AL,Birmingham News,100101,1940,AL,AMENDMENT,2,SEEKS TO REFUND STATE BRIDGE BONDS AT LOWER RATE OF INTEREST AND PREVENT BORROWING BY GOVERNMENTAL UNITS IN ANTICIPATION OF REVENUE,0,NEWSPAPER OPPOSES - STATE SCHOOL AUTHORITIES AND GOVERNMENTAL OFFICIALS SAY AMENDMENT WOULD DO MORE HARM THAN GOOD,0.9,Clear opposition stated,,,,pdf,,100101_19401104,
AL,Birmingham News,100101,1940,AL,AMENDMENT,3,ABOLISH FEE SYSTEM FOR COMPENSATING OFFICIALS IN CERTAIN COUNTIES,1,NEWSPAPER BELIEVES FEE SYSTEM IS UNDESIRABLE AND SHOULD BE ABOLISHED,0.85,Clear endorsement for abolishing fee system,,,,pdf,,100101_19401104,
AL,Birmingham News,100101,1940,AL,AMENDMENT,4,ABOLISH FEE SYSTEM FOR COMPENSATING OFFICIALS,1,NEWSPAPER SUPPORTS ABOLISHING FEE SYSTEM,0.85,Clear endorsement consistent with No. 3,,,,pdf,,100101_19401104,
AL,Birmingham News,100101,1940,AL,AMENDMENT,5,LOCAL AMENDMENT - COLBERT COUNTY DRAINAGE TAX,1,LOCAL AMENDMENT SHOULD BE RATIFIED - PROVIDED FOR LOCAL REFERENDUM,0.8,Endorsement based on local referendum provision,,,,pdf,,100101_19401104,
AL,Birmingham News,100101,1940,AL,AMENDMENT,6,LOCAL AMENDMENT - PERMIT CERTAIN MUNICIPALITIES TO INCREASE TAX RATES,1,LOCAL AMENDMENT SHOULD BE RATIFIED - PROVIDED FOR LOCAL REFERENDUM,0.8,Endorsement based on local referendum provision,,,,pdf,,100101_19401104,
AL,Birmingham News,100101,1940,AL,AMENDMENT,7,ABOLISH FEE SYSTEM,1,NEWSPAPER SUPPORTS ABOLISHING FEE SYSTEM,0.85,Consistent with positions on Nos. 3 and 4,,,,pdf,,100101_19401104,
AL,Birmingham News,100101,1940,AL,AMENDMENT,8,ABOLISH FEE SYSTEM,1,NEWSPAPER SUPPORTS ABOLISHING FEE SYSTEM,0.85,Consistent with positions on other fee abolition amendments,,,,pdf,,100101_19401104,
AL,Birmingham News,100101,1944,AL,AMENDMENT,1,ABOLISH FEE SYSTEM FOR COUNTY OFFICIALS IN HOUSTON COUNTY AND SUBSTITUTE SALARY SYSTEM,1,CHANGE DESIRED BY PEOPLE OF HOUSTON; ALL PEOPLE OF STATE SHOULD VOTE YES,0.9,,,,,pdf,,100101_19441105,
AL,Birmingham News,100101,1944,AL,AMENDMENT,2,SOLDIERS POLL TAX EXEMPTION; EXEMPT FROM POLL TAX ALL PERSONS SERVING HONORABLY IN WORLD WAR II,1,A FAVORABLE VOTE IS RECOMMENDED; NO QUESTION ABOUT EXTENDING FREEDOM TO VETERANS OF WORLD WAR II,0.95,,,,,pdf,,100101_19441105,
AL,Birmingham News,100101,1944,AL,AMENDMENT,3,REQUIRE NOMINEES FOR COUNTY OFFICES OF ANY PARTY RECEIVING MORE THAN 25 PCT OF VOTE TO BE NOMINATED BY PRIMARY ELECTION NOT CONVENTION OR CAUCUS,1,NEWS-AGE-HERALD INCLINED TO DISCOUNT FEAR ABOUT THREATENING DEMOCRATIC PRIMARIES; BELIEVES COUNTY PRIMARIES ARE GOOD DEMOCRATIC PROCEDURE AND IN LINE WITH PRINCIPLES OF FREE GOVERNMENT,0.8,EDITORIAL TONE IS CAUTIOUSLY FAVORABLE; DISCUSSES CONTROVERSY BUT COMES DOWN IN SUPPORT,,,,pdf,,100101_19441105,
AL,Birmingham News,100101,1944,AL,AMENDMENT,4,EXTEND TERMS OF ALL SHERIFFS IN STATE FROM FOUR TO SIX YEARS,0,THE ONLY AMENDMENT WHICH THE NEWS-AGE-HERALD OPPOSES; VOTERS SHOULD HAVE MORE FREQUENT CHECK ON CONDUCT OF IMPORTANT OFFICE OF SHERIFF,0.95,,,,,pdf,,100101_19441105,
AL,Birmingham News,100101,1944,AL,AMENDMENT,5,PERMIT ABOLITION OF FEE SYSTEM IN WALKER COUNTY,1,LOCAL APPLICATION SIMILAR TO HOUSTON COUNTY; SHOULD BE APPROVED FOR SAME REASONS,0.9,,,,,pdf,,100101_19441105,
AL,Birmingham News,100101,1944,AL,AMENDMENT,6,RELIEVE STATE BANKS OF NECESSITY FOR RENEWING CHARTERS EVERY 20 YEARS; PERMIT PERMANENT CHARTERS AS DO NATIONAL BANKS,1,FAVORED BY STATE SUPERINTENDENT OF BANKS STATE BANKING BOARD AND ALABAMA BANKERS ASSOCIATION; SHOULD BE APPROVED,0.9,,,,,pdf,,100101_19441105,
AL,Birmingham News,100101,1946,AL,AMENDMENT,1,"PERMISSIVE AMENDMENT, LOCAL NATURE",1,ENDORSED AS NEEDED FOR PROGRESS,0.85,"Editorial states amendments 1, 3, 5, 9 are local in nature and deserve approval",,,,pdf,,100101_19461103,
AL,Birmingham News,100101,1946,AL,AMENDMENT,2,AUTHORIZATION FOR HOSPITALS AND HEALTH CLINICS,1,ESSENTIAL FOR PUBLIC HEALTH; ENABLES FEDERAL MATCHING FUNDS,0.9,Editorial strongly endorses amendments 2 and 8 for hospital construction authority,,,,pdf,,100101_19461103,
AL,Birmingham News,100101,1946,AL,AMENDMENT,3,"PERMISSIVE AMENDMENT, LOCAL NATURE",1,LOCAL MATTER REQUESTED BY COMMUNITIES,0.85,Editorial approves local amendments per normal courtesy,,,,pdf,,100101_19461103,
AL,Birmingham News,100101,1946,AL,AMENDMENT,4,BOSWELL AMENDMENT - VOTER REGISTRATION RESTRICTIONS,0,OPPOSED; EXPLICITLY RECOMMENDS NO VOTE ON THIS AMENDMENT,0.95,Editorial clearly states 'Only the Boswell amendment...calls for a negative vote',,,,pdf,,100101_19461103,
AL,Birmingham News,100101,1946,AL,AMENDMENT,5,"PERMISSIVE AMENDMENT, LOCAL NATURE",1,APPLIES TO SPECIFIC COMMUNITIES,0.8,"Editorial indicates local amendments (1,3,5,9) deserve approval",,,,pdf,,100101_19461103,
AL,Birmingham News,100101,1946,AL,AMENDMENT,6,LEGISLATURE SESSION EXTENSION AND LEGISLATOR PAY,1,SUPPORTS MORE DELIBERATION AND REASONABLE LEGISLATOR COMPENSATION,0.9,Editorial advocates for amendment 6 to extend sessions and pay legislators,,,,pdf,,100101_19461103,
AL,Birmingham News,100101,1946,AL,AMENDMENT,7,AUTHORIZATION FOR AIRPORT CONSTRUCTION AND OPERATION,1,NEEDED FOR AVIATION DEVELOPMENT; FEDERAL MATCHING FUNDS AVAILABLE,0.9,"Editorial endorses amendments 2, 7, 8 for enabling construction authorities",,,,pdf,,100101_19461103,
AL,Birmingham News,100101,1946,AL,AMENDMENT,8,AUTHORIZATION FOR HOSPITALS AND HEALTH CLINICS,1,ESSENTIAL FOR PUBLIC HEALTH; ENABLES FEDERAL MATCHING FUNDS,0.9,Editorial strongly endorses amendments 2 and 8 for hospital construction authority,,,,pdf,,100101_19461103,
AL,Birmingham News,100101,1946,AL,AMENDMENT,9,"PERMISSIVE AMENDMENT, LOCAL NATURE",1,LOCAL MATTER REQUESTED BY COMMUNITIES,0.8,"Editorial indicates local amendments (1,3,5,9) deserve approval",,,,pdf,,100101_19461103,
AL,Birmingham News,100101,1948,AL,AMENDMENT,6,JEFFERSON COUNTY SEWER AMENDMENT; AUTHORIZE COUNTY TO ISSUE BONDS AND COLLECT SEWER RENTALS,1,ALL AMENDMENTS DESERVE APPROVAL PER NEWS-AGE-HERALD; VITAL CONSTRUCTION PROGRAM FOR SEWER AND SEWAGE DISPOSAL,0.9,,,,,pdf,,100101_19481031_2,
AL,Birmingham News,100101,1948,AL,AMENDMENT,1,PERMITS LEGISLATURE TO CHANGE COMPENSATION AND METHODS OF PAY OF COUNTY OFFICES IN TALLADEGA COUNTY,1,ALL AMENDMENTS DESERVE APPROVAL PER NEWS-AGE-HERALD,0.85,,,,,pdf,,100101_19481031_2,
AL,Birmingham News,100101,1948,AL,AMENDMENT,2,PERMITS MARION COUNTY TO LEVY SPECIAL TAX TO MATCH FEDERAL FUNDS FOR BUILDING AND MAINTAINING HOSPITALS,1,ALL AMENDMENTS DESERVE APPROVAL PER NEWS-AGE-HERALD,0.85,,,,,pdf,,100101_19481031_2,
AL,Birmingham News,100101,1948,AL,AMENDMENT,3,AUTHORIZES ELECTION IN ESCAMBIA COUNTY ON COLLECTING A SPECIAL TAX FOR HOSPITAL PURPOSES,1,ALL AMENDMENTS DESERVE APPROVAL PER NEWS-AGE-HERALD,0.85,,,,,pdf,,100101_19481031_2,
AL,Birmingham News,100101,1948,AL,AMENDMENT,4,AUTHORIZES TUSCALOOSA COUNTY CITIZENS TO HOLD SPECIAL ELECTION ON ADDITIONAL SCHOOL TAX,1,ALL AMENDMENTS DESERVE APPROVAL PER NEWS-AGE-HERALD,0.85,,,,,pdf,,100101_19481031_2,
AL,Birmingham News,100101,1948,AL,AMENDMENT,5,AUTHORIZES ANY COUNTY IN STATE EXCEPT JEFFERSON MOBILE AND MONTGOMERY TO HOLD SPECIAL ELECTION ON ADDITIONAL TAXES FOR HOSPITAL PURPOSES,1,ALL AMENDMENTS DESERVE APPROVAL PER NEWS-AGE-HERALD,0.85,,,,,pdf,,100101_19481031_2,
AL,Birmingham News,100101,1948,AL,AMENDMENT,7,PROVIDES THAT LEGISLATURE MAY CREATE AN INFERIOR COURT IN HOUSTON COUNTY,1,ALL AMENDMENTS DESERVE APPROVAL PER NEWS-AGE-HERALD,0.85,,,,,pdf,,100101_19481031_2,
AL,Birmingham News,100101,1948,AL,AMENDMENT,8,ADDITIONAL SCHOOL TAX OF 50 CENTS ON EACH $100 OF TAXABLE PROPERTY IN JEFFERSON COUNTY; NOT APPLICABLE WHERE SUCH TAX ALREADY COLLECTED,1,ALL AMENDMENTS DESERVE APPROVAL PER NEWS-AGE-HERALD,0.85,,,,,pdf,,100101_19481031_2,
AL,Birmingham News,100101,1948,AL,AMENDMENT,9,AUTHORIZES LEGISLATURE TO ESTABLISH OR ABOLISH DIVISIONS OF COURTS OF RECORD; ACTION TAKEN ONLY FOLLOWING VOTE BY CITIZENS OF AFFECTED COUNTY,1,ALL AMENDMENTS DESERVE APPROVAL PER NEWS-AGE-HERALD,0.85,,,,,pdf,,100101_19481031_2,
AL,Birmingham News,100101,1948,AL,AMENDMENT,10,REORGANIZE NATIONAL GUARD TO REQUIRE ALL OFFICERS EXCEPT ADJUTANT GENERAL BE APPOINTED BY WAR DEPARTMENT OR MEASURE UP TO STANDARDS SET BY IT,1,ALL AMENDMENTS DESERVE APPROVAL PER NEWS-AGE-HERALD,0.85,,,,,pdf,,100101_19481031_2,
AL,Birmingham News,100101,1948,AL,AMENDMENT,11,JEFFERSON COUNTY CONSOLIDATION AMENDMENT,1,ALL AMENDMENTS DESERVE APPROVAL PER NEWS-AGE-HERALD,0.85,,,,,pdf,,100101_19481031_2,
AL,Birmingham News,100101,1950,AL,AMENDMENT,1,BRANCH COURTHOUSE ABOLISHMENT - JEFFERSON COUNTY,1,PASSAGE DESIRABLE; IMPORTANT CHANGE TO LOCAL GOVERNMENT,0.8,"Editorial discusses as worthy of passage, concerned with branch courthouse operations",,,,pdf,,100101_19501105,
AL,Birmingham News,100101,1950,AL,AMENDMENT,2,JEFFERSON COUNTY SCHOOL TAX AMENDMENT,1,PASSAGE HIGHLY DESIRABLE; SCHOOLS NEED ADDITIONAL FUNDING,0.85,Editorial emphasizes critical need for school funding and additional tax revenue,,,,pdf,,100101_19501105,
AL,Birmingham News,100101,1950,AL,AMENDMENT,3,JEFFERSON COUNTY JUDICIAL APPOINTMENT SYSTEM,1,DESIRABLE METHOD FOR JUDICIAL APPOINTMENTS; DEMOCRATIC PRINCIPLE,0.8,Editorial discusses judicial appointment method favorably,,,,pdf,,100101_19501105,
AL,Birmingham News,100101,1950,AL,AMENDMENT,4,MARION COUNTY LOCAL GOVERNMENT AUTHORITY,0,DOUBTED BY EDITORIAL; CONCERNS ABOUT EXTENSIVE POWER GRANTED,0.85,QA VERIFIED: CONFIRMED FROM SCAN,,,,pdf,,100101_19501105,
AL,Birmingham News,100101,1950,AL,AMENDMENT,5,TALLADEGA COUNTY FEE SYSTEM ELIMINATION,1,PASSAGE FAVORED; SUBSTITUTES SALARY SYSTEM FOR OFFICIALS,0.85,QA VERIFIED: CONFIRMED FROM SCAN,,,,pdf,,100101_19501105,
AL,Birmingham News,100101,1950,AL,AMENDMENT,6,MONROE COUNTY SCHOOL TAX ELECTION AUTHORIZATION,1,PASSAGE DESERVES APPROVAL; PERMISSIVE AMENDMENT FOR LOCAL DECISION,0.85,QA VERIFIED: CONFIRMED FROM SCAN,,,,pdf,,100101_19501105,
AL,Birmingham News,100101,1954,AL,AMENDMENT,1,HALEY'S AND DOUBLE SPRINGS WINSTON COUNTY MUNICIPAL BOND AUTHORIZATION,1,PASSAGE RECOMMENDED; LOCAL MUNICIPAL MATTER,0.85,QA VERIFIED: CONFIRMED FROM SCAN,,,,pdf,,100101_19541031,
AL,Birmingham News,100101,1954,AL,AMENDMENT,2,MADISON COUNTY COURT REGULATION AUTHORIZATION,1,PASSAGE RECOMMENDED; ALLOWS LEGISLATURE TO REGULATE COURT COSTS,0.85,QA VERIFIED: CONFIRMED FROM SCAN,,,,pdf,,100101_19541031,
AL,Birmingham News,100101,1954,AL,AMENDMENT,3,MORGAN COUNTY SCHOOL TAX AUTHORIZATION,1,PASSAGE RECOMMENDED; PERMISSIVE SCHOOL TAX AMENDMENT,0.85,QA VERIFIED: CONFIRMED FROM SCAN,,,,pdf,,100101_19541031,
AL,Birmingham News,100101,1954,AL,AMENDMENT,4,WALKER COUNTY UTILITY BOND EXPANSION AUTHORIZATION,0,OPPOSED; NEWSPAPER FIRMLY OPPOSES MUNICIPAL BOND SALES WITHOUT PRIOR APPROVAL,0.9,Editorial explicitly recommends NO vote; opposes use of municipal bonds without referendum,,,,pdf,,100101_19541031,
AL,Birmingham News,100101,1954,AL,AMENDMENT,5,MUNICIPAL BOND AUTHORITY EXPANSION,0,OPPOSED; RELATED CONCERNS TO NO. 4; OPPOSES EXPANSION OF GOVERNMENT BOND USE,0.9,Editorial opposes this amendment for reasons parallel to No. 4,,,,pdf,,100101_19541031,
AL,Birmingham News,100101,1954,AL,AMENDMENT,6,POLL TAX EXEMPTION FOR BLIND AND DEAF PERSONS,1,PASSAGE RECOMMENDED; HUMANITARIAN PROVISION FOR DISABLED CITIZENS,0.85,QA VERIFIED: CONFIRMED FROM SCAN,,,,pdf,,100101_19541031,
AL,Birmingham News,100101,1956,AL,AMENDMENT,1,REAPPORTIONMENT OF STATE LEGISLATURE; RAISE SENATORS FROM 35 TO 67 AND REPRESENTATIVES FROM 106 TO 152; EACH COUNTY WOULD HAVE ONE SENATOR REGARDLESS OF POPULATION,0,SHOULD BE REJECTED; UNSOUND PLAN; WOULD MAKE LEGISLATURE MUCH MORE EXPENSIVE AND UNWIELDY,0.9,,,,,pdf,,100101_19561104,
AL,Birmingham News,100101,1956,AL,AMENDMENT,2,AUTHORIZE STATE TO ISSUE $4000000 IN BONDS TO FINANCE NEW CONSTRUCTION AND IMPROVEMENTS AT STATE MENTAL HOSPITALS BRYCE AND SEARCY AND PARTLOW SCHOOL FOR RETARDED CHILDREN,1,SHOULD BE APPROVED; IMPROVEMENTS WOULD HELP RELIEVE TRAGIC OVERCROWDING; BONDS REPAID FROM GENERAL FUND REQUIRING NO NEW TAXES,0.9,,,,,pdf,,100101_19561104,
AL,Birmingham News,100101,1956,AL,AMENDMENT,3,AUTHORIZE STATE TO ISSUE UP TO $2500000 IN BONDS FOR CONSTRUCTION AND EQUIPPING OF HOSPITALS HEALTH CENTERS TUBERCULOSIS HOSPITALS AND RELATED MEDICAL FACILITIES,1,SHOULD BE APPROVED; BOND ISSUE COULD RESULT IN BUILDING $12000000 IN NEEDED MEDICAL FACILITIES WITH HILL-BURTON ACT MATCHING FUNDS,0.9,,,,,pdf,,100101_19561104,
AL,Birmingham News,100101,1956,AL,AMENDMENT,4,PERMIT LEGISLATURE TO FIX ALTER AND REGULATE COSTS AND CHARGES OF COURTS IN WALKER COUNTY; EXEMPT FROM SECTION 96 OF CONSTITUTION,1,SHOULD BE APPROVED; SIMILAR TO PREVIOUS AMENDMENTS AFFECTING OTHER COUNTIES,0.9,,,,,pdf,,100101_19561104,
AL,Birmingham News,100101,1956,AL,AMENDMENT,5,SIMILAR TO NO 4 BUT APPLIES ONLY TO PIKE COUNTY,1,SHOULD BE APPROVED,0.9,,,,,pdf,,100101_19561104,
AL,Birmingham News,100101,1956,AL,AMENDMENT,6,PERMIT LEGISLATURE TO FIX ALTER AND REGULATE FEES AND COMPENSATION OF COURTS AND COUNTY OFFICERS IN COLBERT COUNTY; PERMIT SALARY SCHEDULES FOR FEE-BASED OFFICERS,1,SHOULD BE APPROVED,0.9,,,,,pdf,,100101_19561104,
AL,Birmingham News,100101,1956,AL,AMENDMENT,7,PERMIT TUSCALOOSA COUNTY TO ISSUE UP TO $2500000 IN BONDS FOR CONSTRUCTION AND EQUIPPING OF COUNTY COURTHOUSE AND JAIL; SUBJECT TO VOTER APPROVAL,1,SHOULD BE APPROVED,0.9,,,,,pdf,,100101_19561104,
AL,Birmingham News,100101,1956,AL,AMENDMENT,8,PERMIT CITY OF GADSDEN TO LEVY AND COLLECT ADDITIONAL PROPERTY TAX OF ONE HALF OF ONE PCT FOR PAYING OUTSTANDING BONDS; DOES NOT REQUIRE VOTER APPROVAL,0,SHOULD BE DEFEATED; DOES NOT SPECIFY THAT VOTERS MUST APPROVE ADDITIONAL TAX; WE OPPOSE RAISING TAX RATES WITHOUT CONSENT OF TAXPAYERS IN AN ELECTION,0.9,,,,,pdf,,100101_19561104,
AL,Birmingham News,100101,1958,AL,AMENDMENT,1,LAUDERDALE COUNTY GOVERNMENT FORM CHANGE,1,PASSAGE RECOMMENDED; PERMITS LOCAL GOVERNMENT REFORM,0.85,QA VERIFIED: CONFIRMED FROM SCAN,,,,pdf,,100101_19581101,
AL,Birmingham News,100101,1958,AL,AMENDMENT,2,MARION COUNTY GOVERNMENT AUTHORITY AND PROPERTY DISPOSITION,0,REJECTED; GRANTS EXTENSIVE POWER; WOULD VIOLATE SOUND DEMOCRATIC PRINCIPLE,0.9,Editorial explicitly urges defeat of Amendment 2; lacks provision for project approval,,,,pdf,,100101_19581101,
AL,Birmingham News,100101,1958,AL,AMENDMENT,3,MONTGOMERY COUNTY SCHOOL TAX AUTHORIZATION,1,PASSAGE RECOMMENDED; PERMISSIVE AMENDMENT FOR SCHOOL PURPOSES,0.8,Editorial recommends YES vote on Amendment 3,,,,pdf,,100101_19581101,
AL,Birmingham News,100101,1960,AL,AMENDMENT,1,STATEWIDE COUNTY COURTHOUSE BRANCH AUTHORITY,1,APPROVED; ONLY TRULY STATEWIDE AMENDMENT WITH GENERAL INTEREST,0.8,Editorial recommends approval of Amendment 1,,,,pdf,,100101_19601106,
AL,Birmingham News,100101,1960,AL,AMENDMENT,2,UNIONTOWN AND BONAAKE LOCAL BONDING AUTHORITY,1,APPROVED; LOCAL BONDING MEASURES FOR TOWNS,0.85,QA VERIFIED: CONFIRMED FROM SCAN,,,,pdf,,100101_19601106,
AL,Birmingham News,100101,1960,AL,AMENDMENT,3,UNIONTOWN AND BONAAKE LOCAL TAX AUTHORIZATION,1,APPROVED; LOCAL TAX MEASURES FOR TOWNS,0.85,QA VERIFIED: CONFIRMED FROM SCAN,,,,pdf,,100101_19601106,
AL,Birmingham News,100101,1962,AL,BALLOT MEASURE,PROPOSITION-2,BIRMINGHAM ADOPT MAYOR-COUNCIL FORM OF GOVERNMENT (REPLACING THREE-COMMISSIONER SYSTEM),1,ENDORSED — 'TUESDAY PULL THE LEVER BY PROPOSITION NO. 2 IN THE LOWER RIGHT CORNER'; PAPER STRONGLY ENDORSES MAYOR-COUNCIL OVER COMMISSION GOVERNMENT,0.92,,,,,pdf,,100101_19621104,
AL,Birmingham News,100101,1962,AL,AMENDMENT,AMENDMENT-1,STATEWIDE CONSTITUTIONAL AMENDMENT (DETAIL NOT FULLY READABLE IN OCR — SUPREME COURT/RECORDS-RELATED),,OCR-DEGRADED; PAPER'S RECOMMENDATION DIRECTION NOT CLEARLY EXTRACTABLE,0.55,Amendment text obscured in OCR; News position not legible,,,,pdf,,100101_19621104,Missing endorsed | Low confidence (0.55)
AL,Birmingham News,100101,1962,AL,AMENDMENT,AMENDMENT-2,ALLOW COUNTY COMMISSION TO USE SURPLUS FUNDS FOR SCHOOL PURPOSES (LIMITED ONE-TIME APPLICATION),0,OPPOSED — PAPER NOTES THIS WOULD BYPASS NORMAL CHECKS ON TRANSFER FROM ANY SOURCE; CHARACTERIZED AS POOR LEGISLATION,0.75,OCR partially readable; News position inferred from critical framing of 'no check on such transfer by voters',,,,pdf,,100101_19621104,
AL,Birmingham News,100101,1962,AL,AMENDMENT,AMENDMENT-3,AUTHORIZE CITY OF MOUNTAIN BROOK TO LEVY ADDITIONAL PROPERTY TAX (UP TO 9 MILLS MAXIMUM),1,ENDORSED — 'THE NEWS SEES THIS AS' GOOD GOVERNMENT; LOCAL CITY OF MOUNTAIN BROOK MEASURE,0.85,,,,,pdf,,100101_19621104,
AL,Birmingham News,100101,1962,AL,AMENDMENT,AMENDMENT-4,SPECIAL PROPERTY TAX FOR PRIVATE/CATHOLIC SCHOOLS (CULLMAN/RUSSELL COUNTY),0,OPPOSED — PAPER WARNS AGAINST PUBLIC TAX SUPPORT FOR PAROCHIAL SCHOOLS; SEES AS SETTING POOR PRECEDENT,0.78,OCR partially readable; News position inferred from critical framing of taxation for parochial schools,,,,pdf,,100101_19621104,
AL,Birmingham News,100101,1962,AL,AMENDMENT,AMENDMENT-6,BIRMINGHAM CITY-WIDE SPECIAL ELECTION AUTHORIZATION (DETAILS NOT FULLY READABLE),1,"ENDORSED — 'NEWS RECOMMENDS ""YES""' / 'VOTE ON AMENDMENT NO. 6'; LOCAL JEFFERSON COUNTY MATTER",0.75,OCR partially readable; News explicitly recommended 'Yes' on this measure,,,,pdf,,100101_19621104,
AL,Birmingham News,100101,1964,AL,AMENDMENT,1,PERMIT LEGISLATION ABOLISHING FEE SYSTEM IN LAMAR COUNTY AND PROVIDING SALARIES FOR PROBATE JUDGE SHERIFF TAX ASSESSOR TAX COLLECTOR IN LAMAR COUNTY,0,NO ON ALL AMENDMENTS; NEWS CONSISTENTLY OPPOSES ANY AMENDMENT UP FOR STATEWIDE VOTE WHICH DOES NOT PROVIDE FOR SUBSEQUENT VOTE OF APPROVAL BY CITIZENS OF EACH COUNTY AFFECTED,0.9,,,,,pdf,,100101_19641101,
AL,Birmingham News,100101,1964,AL,AMENDMENT,2,PERMIT LEGISLATION ABOLISHING FEE SYSTEM AND PROVIDING SALARIES FOR OFFICIALS IN ESCAMBIA COUNTY,0,NO ON ALL AMENDMENTS; REFORMS SOUGHT IN EACH AMENDMENT LACK PROVISION FOR SUBSEQUENT VOTE OF APPROVAL BY CITIZENS OF COUNTY AFFECTED,0.9,,,,,pdf,,100101_19641101,
AL,Birmingham News,100101,1964,AL,AMENDMENT,3,PERMIT LEGISLATION EXTENDING OR CHANGING JURISDICTION OF JEFFERSON COUNTY INFERIOR COURTS IN CASES INVOLVING AMOUNTS LESS THAN $300,0,NO ON ALL AMENDMENTS; DANGEROUS POLITICAL CONDITION TO GRANT STATEWIDE LEGISLATURE POWER OVER COUNTY WITHOUT COUNTY VOTE,0.9,,,,,pdf,,100101_19641101,
AL,Birmingham News,100101,1964,AL,AMENDMENT,4,PERMIT LEGISLATION ABOLISHING FEE SYSTEM AND PROVIDING SALARIES FOR OFFICIALS IN LAUDERDALE COUNTY,0,NO ON ALL AMENDMENTS; SAME PRINCIPLE APPLIES,0.9,,,,,pdf,,100101_19641101,
AL,Birmingham News,100101,1964,AL,AMENDMENT,5,PERMIT LEGISLATION PROVIDING TRIAL OF MISDEMEANOR CASES AND CIVIL CASES IN MARSHALL COUNTY BY JURY OF LESS THAN 12 MEMBERS,0,NO ON ALL AMENDMENTS; NEWS RECOMMENDS NO VOTE ON AMENDMENTS 1 2 3 4 AND 5,0.9,,,,,pdf,,100101_19641101,
AL,Birmingham News,100101,1966,AL,AMENDMENT,1,AMENDMENT NUMBER 1,1,YES ENDORSED,0.9,,,,,pdf,,100101_19661106,
AL,Birmingham News,100101,1966,AL,AMENDMENT,2,AMENDMENT NUMBER 2,1,YES ENDORSED,0.9,,,,,pdf,,100101_19661106,
AL,Birmingham News,100101,1966,AL,AMENDMENT,3,AMENDMENT NUMBER 3,0,NO ENDORSED,0.9,,,,,pdf,,100101_19661106,
AL,Birmingham News,100101,1966,AL,AMENDMENT,4,AMENDMENT NUMBER 4,1,YES ENDORSED,0.9,,,,,pdf,,100101_19661106,
AL,Birmingham News,100101,1966,AL,AMENDMENT,5,AMENDMENT NUMBER 5,1,YES ENDORSED,0.9,,,,,pdf,,100101_19661106,
AL,Birmingham News,100101,1966,AL,AMENDMENT,6,AMENDMENT NUMBER 6,1,YES ENDORSED,0.9,,,,,pdf,,100101_19661106,
AL,Birmingham News,100101,1968,AL,AMENDMENT,1,WOULD PERMIT ELECTED OFFICIALS IN STATE CONSTITUTIONAL OFFICES TO SUCCEED THEMSELVES FOR A SECOND TERM,0,NEWS CONSISTENTLY OPPOSED DROPPING ONE-TERM LIMITATION; WOULD GIVE GOVERNOR FAR GREATER POWER FOR EIGHT YEARS; RECOMMENDS VOTING NO,0.9,,,,,pdf,,100101_19681103,
AL,Birmingham News,100101,1970,AL,AMENDMENT,1,INCOME TAX AMENDMENT,1,VOTE YES ON INCOME TAX AMENDMENT,0.9,,,,,pdf,,100101_19701102,
AL,Birmingham News,100101,1972,AL,AMENDMENT,1,STATE AMENDMENT NO. 1,1,YES ENDORSED,0.95,,,,,pdf,,100101_19721106,
AL,Birmingham News,100101,1972,AL,AMENDMENT,2,STATE AMENDMENT NO. 2,1,YES ENDORSED,0.95,,,,,pdf,,100101_19721106,
AL,Birmingham News,100101,1974,AL,AMENDMENT,1,AMENDMENT 1,1,YES ENDORSED,0.95,,,,,pdf,,100101_19741104,
AL,Birmingham News,100101,1974,AL,AMENDMENT,2,AMENDMENT 2,1,YES ENDORSED,0.95,,,,,pdf,,100101_19741104,
AL,Birmingham News,100101,1978,AL,AMENDMENT,1,AMENDMENT NO. 1,0,NO ENDORSED,0.95,,,,,pdf,,100101_19781106,
AL,Birmingham News,100101,1978,AL,AMENDMENT,2,AMENDMENT NO. 2,1,YES ENDORSED,0.95,,,,,pdf,,100101_19781106,
AL,Birmingham News,100101,1978,AL,AMENDMENT,3,AMENDMENT NO. 3,1,YES ENDORSED,0.95,,,,,pdf,,100101_19781106,
AL,Birmingham News,100101,1978,AL,AMENDMENT,4,AMENDMENT NO. 4,0,NO ENDORSED,0.95,,,,,pdf,,100101_19781106,
AL,Birmingham News,100101,1978,AL,AMENDMENT,5,AMENDMENT NO. 5,1,YES ENDORSED,0.95,,,,,pdf,,100101_19781106,
AL,Birmingham News,100101,1978,AL,AMENDMENT,6,AMENDMENT NO. 6,0,NO ENDORSED,0.95,,,,,pdf,,100101_19781106,
AL,Birmingham News,100101,1978,AL,AMENDMENT,7,AMENDMENT NO. 7,0,NO ENDORSED,0.95,,,,,pdf,,100101_19781106,
AL,Birmingham News,100101,1978,AL,AMENDMENT,8,AMENDMENT NO. 8,0,NO ENDORSED,0.95,,,,,pdf,,100101_19781106,
AL,Birmingham News,100101,1978,AL,AMENDMENT,9,AMENDMENT NO. 9,0,NO ENDORSED,0.95,,,,,pdf,,100101_19781106,
AL,Birmingham News,100101,1980,AL,AMENDMENT,1,ALLOW FARMERS TO DEVELOP PEANUTS COTTON AND MILK WITH NO COST TO TAXPAYERS,1,A YES VOTE IS RECOMMENDED,0.85,,,,,pdf,,100101_19801102,
AL,Birmingham News,100101,1980,AL,AMENDMENT,2,RATIFIES BONDS WHICH MIGHT BE CHALLENGED AS UNCONSTITUTIONAL,1,A YES VOTE IS RECOMMENDED,0.85,,,,,pdf,,100101_19801102,
AL,Birmingham News,100101,1980,AL,AMENDMENT,3,EMPOWERS LEGISLATURE TO APPROVE MEASURE TO TERMINATE ALIMONY WHEN SPOUSE REMARRIES OR LIVES OPENLY WITH MEMBER OF OPPOSITE SEX,1,A YES VOTE IS RECOMMENDED,0.85,,,,,pdf,,100101_19801102,
AL,Birmingham News,100101,1980,AL,AMENDMENT,4,PERMIT LEGISLATURE WITH APPROVAL OF ESCAMBIA VOTERS TO SET COURT CHARGES AND COMPENSATION FOR COUNTY OFFICIALS,1,A YES VOTE IS RECOMMENDED,0.85,,,,,pdf,,100101_19801102,
AL,Birmingham News,100101,1980,AL,AMENDMENT,5,ALLOW LEE COUNTY COMMISSION TO ESTABLISH FIREFIGHTING DISTRICTS AND ALLOW EXPENDITURES OF COUNTY FUNDS,0,SINCE APPROVAL OF LEE COUNTY VOTERS IS NOT REQUIRED A NO VOTE IS RECOMMENDED,0.85,,,,,pdf,,100101_19801102,
AL,Birmingham News,100101,1980,AL,AMENDMENT,6,PERMIT MOBILE COUNTY OFFICIALS TO DIVERT FUNDS FOR MOSQUITO AND VECTOR CONTROL TO OTHER PURPOSES,0,APPROVAL OF MOBILE COUNTY VOTERS IS NOT REQUIRED SO A NO VOTE IS PROPER,0.85,,,,,pdf,,100101_19801102,
AL,Birmingham News,100101,1980,AL,AMENDMENT,7,ALLOW LEGISLATURE TO SET COSTS AND CHARGES OF COURTS IN SUMTER COUNTY,0,A NO VOTE IS RECOMMENDED SINCE SUMTER RESIDENTS APPROVAL IS NOT REQUIRED,0.85,,,,,pdf,,100101_19801102,
AL,Birmingham News,100101,1982,AL,AMENDMENT,1,PROPOSED AMENDMENT NUMBER 1,1,YES ENDORSED,0.95,,,,,pdf,,100101_19821101,
AL,Birmingham News,100101,1982,AL,AMENDMENT,2,PROPOSED AMENDMENT NUMBER 2,1,YES ENDORSED,0.95,,,,,pdf,,100101_19821101,
AL,Birmingham News,100101,1982,AL,AMENDMENT,3,PROPOSED AMENDMENT NUMBER 3,1,YES ENDORSED,0.95,,,,,pdf,,100101_19821101,
AL,Birmingham News,100101,1982,AL,AMENDMENT,4,PROPOSED AMENDMENT NUMBER 4,1,YES ENDORSED,0.95,,,,,pdf,,100101_19821101,
AL,Birmingham News,100101,1982,AL,AMENDMENT,5,PROPOSED AMENDMENT NUMBER 5,1,YES ENDORSED,0.95,,,,,pdf,,100101_19821101,
AL,Birmingham News,100101,1982,AL,AMENDMENT,6,PROPOSED AMENDMENT NUMBER 6,0,NO ENDORSED,0.95,,,,,pdf,,100101_19821101,
AL,Birmingham News,100101,1982,AL,AMENDMENT,7,PROPOSED AMENDMENT NUMBER 7,1,YES ENDORSED,0.95,,,,,pdf,,100101_19821101,
AL,Birmingham News,100101,1982,AL,AMENDMENT,8,PROPOSED AMENDMENT NUMBER 8,1,YES ENDORSED,0.95,,,,,pdf,,100101_19821101,
AL,Birmingham News,100101,1982,AL,AMENDMENT,9,PROPOSED AMENDMENT NUMBER 9,1,YES ENDORSED,0.95,,,,,pdf,,100101_19821101,
AL,Birmingham News,100101,1982,AL,AMENDMENT,10,PROPOSED AMENDMENT NUMBER 10,1,YES ENDORSED,0.95,,,,,pdf,,100101_19821101,
AL,Birmingham News,100101,1982,AL,AMENDMENT,11,PROPOSED AMENDMENT NUMBER 11,0,NO ENDORSED,0.95,,,,,pdf,,100101_19821101,
AL,Birmingham News,100101,1984,AL,AMENDMENT,1,PROPOSED AMENDMENT NO. 1,1,YES ENDORSED,0.95,,,,,pdf,,100101_19841105,
AL,Birmingham News,100101,1984,AL,AMENDMENT,2,PROPOSED AMENDMENT NO. 2,1,YES ENDORSED,0.95,,,,,pdf,,100101_19841105,
AL,Birmingham News,100101,1984,AL,AMENDMENT,3,PROPOSED AMENDMENT NO. 3,0,NO ENDORSED,0.95,,,,,pdf,,100101_19841105,
AL,Birmingham News,100101,1986,AL,AMENDMENT,1,CONSTITUTIONAL AMENDMENT,1,YES ENDORSED,0.95,,,,,pdf,,100101_19861103,
AL,Birmingham News,100101,1988,AL,AMENDMENT,1,STATE AMENDMENT 1 - YES,1,YES ENDORSED,0.95,,,,,pdf,,100101_19881106,
AL,Birmingham News,100101,1988,AL,AMENDMENT,2,STATE AMENDMENT 2 - YES,1,YES ENDORSED,0.95,,,,,pdf,,100101_19881106,
AL,Birmingham News,100101,1988,AL,AMENDMENT,3,STATE AMENDMENT 3 - YES,1,YES ENDORSED,0.95,,,,,pdf,,100101_19881106,
AL,Birmingham News,100101,1988,AL,AMENDMENT,4,STATE AMENDMENT 4 - No,0,NO ENDORSED,0.95,,,,,pdf,,100101_19881106,
AL,Birmingham News,100101,1988,AL,AMENDMENT,5,STATE AMENDMENT 5 - YES,1,YES ENDORSED,0.95,,,,,pdf,,100101_19881106,
AL,Birmingham News,100101,1990,AL,AMENDMENT,1,STATEWIDE AMENDMENT 1,0,URGE NO VOTE ON AMENDMENT 1,0.95,,,,,pdf,,100101_19901105,
AL,Birmingham News,100101,1992,AL,AMENDMENT,1,FOREVER WILD AMENDMENT; CONSERVATION AND NATURAL AREAS ACQUISITION,1,YES VOTE ENDORSED,0.95,,,,,pdf,,100101_19921102,
AL,Birmingham News,100101,1992,AL,AMENDMENT,2,ELECT PELL CITY BOARD OF EDUCATION,1,YES VOTE ENDORSED,0.95,,,,,pdf,,100101_19921102,
AL,Birmingham News,100101,1992,AL,REFERENDUM,,SHELBY COUNTY QUESTION ON WHETHER TO APPOINT OR ELECT SCHOOL SUPERINTENDENT,1,VOTE FOR APPOINTING SUPERINTENDENT; NEWS RECOMMENDS APPOINTED SUPERINTENDENT OVER ELECTED,0.9,,,,,pdf,,100101_19921102,
AL,Birmingham News,100101,1994,AL,AMENDMENT,1,CONSTITUTIONAL AMENDMENT 1,1,YES VOTE ENDORSED,0.95,,,,,pdf,,100101_19941107,
AL,Birmingham News,100101,1994,AL,AMENDMENT,2,CONSTITUTIONAL AMENDMENT 2,1,YES VOTE ENDORSED,0.95,,,,,pdf,,100101_19941107,
AL,Birmingham News,100101,1994,AL,AMENDMENT,3,CONSTITUTIONAL AMENDMENT 3,1,YES VOTE ENDORSED,0.95,,,,,pdf,,100101_19941107,
AL,Birmingham News,100101,1994,AL,AMENDMENT,4,CONSTITUTIONAL AMENDMENT 4,1,YES VOTE ENDORSED,0.95,,,,,pdf,,100101_19941107,
AL,Birmingham News,100101,1994,AL,AMENDMENT,5,CONSTITUTIONAL AMENDMENT 5,0,NO VOTE ENDORSED,0.95,,,,,pdf,,100101_19941107,
AL,Birmingham News,100101,1994,AL,AMENDMENT,6,CONSTITUTIONAL AMENDMENT 6,0,NO VOTE ENDORSED,0.95,,,,,pdf,,100101_19941107,
AL,Birmingham News,100101,1994,AL,AMENDMENT,7,CONSTITUTIONAL AMENDMENT 7,0,NO VOTE ENDORSED,0.95,,,,,pdf,,100101_19941107,
AL,Birmingham News,100101,1994,AL,AMENDMENT,8-21,CONSTITUTIONAL AMENDMENTS 8-21,1,YES VOTES ENDORSED,0.95,,,,,pdf,,100101_19941107,
AL,Birmingham News,100101,1994,AL,AMENDMENT,22,CONSTITUTIONAL AMENDMENT 22,0,NO VOTE ENDORSED,0.95,,,,,pdf,,100101_19941107,
AL,Birmingham News,100101,1994,AL,AMENDMENT,23-26,CONSTITUTIONAL AMENDMENTS 23-26,1,YES VOTES ENDORSED,0.95,,,,,pdf,,100101_19941107,
AL,Birmingham News,100101,1996,AL,AMENDMENT,1,CONSTITUTIONAL AMENDMENT 1,0,NO VOTE ENDORSED,0.95,,,,,pdf,,100101_19961104,
AL,Birmingham News,100101,1996,AL,AMENDMENT,2,CONSTITUTIONAL AMENDMENT 2,0,NO VOTE ENDORSED,0.95,,,,,pdf,,100101_19961104,
AL,Birmingham News,100101,1996,AL,AMENDMENT,3,CONSTITUTIONAL AMENDMENT 3,1,YES VOTE ENDORSED,0.95,,,,,pdf,,100101_19961104,
AL,Birmingham News,100101,1996,AL,AMENDMENT,4,CONSTITUTIONAL AMENDMENT 4,1,YES VOTE ENDORSED,0.95,,,,,pdf,,100101_19961104,
AL,Birmingham News,100101,1996,AL,AMENDMENT,5,CONSTITUTIONAL AMENDMENT 5,0,NO VOTE ENDORSED,0.95,,,,,pdf,,100101_19961104,
AL,Birmingham News,100101,1996,AL,AMENDMENT,LOCAL_1_BESSEMER,LOCAL AMENDMENT 1 - BESSEMER,0,NO IF YOU LIVE IN BESSEMER; YES IF ELSEWHERE,0.85,CONDITIONAL ENDORSEMENT BASED ON LOCATION,,,,pdf,,100101_19961104,
AL,Birmingham News,100101,1998,AL,AMENDMENT,1,AMENDMENT 1,1,YES VOTE ENDORSED,0.95,,,,,pdf,,100101_19981102,
AL,Birmingham News,100101,1998,AL,AMENDMENT,2,AMENDMENT 2,1,YES VOTE ENDORSED,0.95,,,,,pdf,,100101_19981102,
AL,Birmingham News,100101,1998,AL,AMENDMENT,3,AMENDMENT 3,1,YES VOTE ENDORSED,0.95,,,,,pdf,,100101_19981102,
AL,Birmingham News,100101,1998,AL,AMENDMENT,4,AMENDMENT 4,1,YES VOTE ENDORSED,0.95,,,,,pdf,,100101_19981102,
AL,Birmingham News,100101,1998,AL,AMENDMENT,5,AMENDMENT 5,1,YES VOTE ENDORSED,0.95,,,,,pdf,,100101_19981102,
AL,Birmingham News,100101,1998,AL,AMENDMENT,6,AMENDMENT 6,1,YES VOTE ENDORSED,0.95,,,,,pdf,,100101_19981102,
AL,Birmingham News,100101,1998,AL,AMENDMENT,7,AMENDMENT 7,1,YES VOTE ENDORSED,0.95,,,,,pdf,,100101_19981102,
AL,Birmingham News,100101,1998,AL,AMENDMENT,8,AMENDMENT 8,1,YES VOTE ENDORSED,0.95,,,,,pdf,,100101_19981102,
AL,Birmingham News,100101,1998,AL,AMENDMENT,9,AMENDMENT 9,1,YES VOTE ENDORSED,0.95,,,,,pdf,,100101_19981102,
AL,Birmingham News,100101,1998,AL,AMENDMENT,10,AMENDMENT 10,1,YES VOTE ENDORSED,0.95,,,,,pdf,,100101_19981102,
AL,Birmingham News,100101,1998,AL,AMENDMENT,11,AMENDMENT 11,0,VOTE NO UNLESS YOU LIVE IN BIBB COUNTY,0.95,CONDITIONAL ENDORSEMENT,,,,pdf,,100101_19981102,
AL,Birmingham News,100101,1998,AL,LOCAL,BARTA,BARTA (BIRMINGHAM TAX INCREMENT)),1,YES VOTE ENDORSED,0.95,,,,,pdf,,100101_19981102,
AL,Birmingham News,100101,1998,AL,LOCAL,WATER_WORKS_SALE,WATER WORKS SALE (BIRMINGHAM ONLY),1,YES VOTE ENDORSED,0.95,,,,,pdf,,100101_19981102,
AL,Birmingham News,100101,1998,AL,LOCAL,SCHOOL_BOND,SCHOOL BOND (BIRMINGHAM ONLY),1,YES VOTE ENDORSED,0.95,,,,,pdf,,100101_19981102,
AL,Birmingham News,100101,2000,AL,AMENDMENT,1,TRUST FUND AMENDMENT,1,YES VOTE ENDORSED,0.95,,,,,pdf,,100101_20001106,
AL,Birmingham News,100101,2000,AL,AMENDMENT,2,INTERRACIAL MARRIAGE AMENDMENT,1,YES VOTE ENDORSED,0.95,,,,,pdf,,100101_20001106,
AL,Birmingham News,100101,2000,AL,AMENDMENT,3,TRUST FUND INTEREST AMENDMENT,1,YES VOTE ENDORSED,0.95,,,,,pdf,,100101_20001106,
AL,Birmingham News,100101,2000,AL,AMENDMENT,4,SCHOOL TAX RENEWALS AMENDMENT,1,YES VOTE ENDORSED,0.95,,,,,pdf,,100101_20001106,
AL,Birmingham News,100101,2000,AL,AMENDMENT,5,AUBURN TRUSTEES AMENDMENT,1,YES VOTE ENDORSED,0.95,,,,,pdf,,100101_20001106,
AL,Birmingham News,100101,2000,AL,AMENDMENT,JEFFERSON_COUNTY_PROSTITUTION,JEFFERSON COUNTY PROSTITUTION AMENDMENT,1,YES VOTE ENDORSED,0.95,,,,,pdf,,100101_20001106,
AL,Birmingham News,100101,2002,AL,AMENDMENT,1,AMENDMENT ONE,1,YES VOTE ENDORSED,0.95,,,,,pdf,,100101_20021104,
AL,Birmingham News,100101,2002,AL,AMENDMENT,2,AMENDMENT TWO,0,NO VOTE ENDORSED,0.95,,,,,pdf,,100101_20021104,
AL,Birmingham News,100101,2002,AL,AMENDMENT,3,AMENDMENT THREE,0,NO VOTE ENDORSED,0.95,,,,,pdf,,100101_20021104,
AL,Birmingham News,100101,2004,AL,AMENDMENT,1_BALDWIN,STATEWIDE AMENDMENT 1 - BALDWIN COUNTY,0,DON'T VOTE IF YOU LIVE OUTSIDE BALDWIN COUNTY,0.95,CONDITIONAL ENDORSEMENT,,,,pdf,,100101_20041101,
AL,Birmingham News,100101,2004,AL,AMENDMENT,2,STATEWIDE AMENDMENT 2,1,YES VOTE ENDORSED,0.95,,,,,pdf,,100101_20041101,
AL,Birmingham News,100101,2004,AL,AMENDMENT,3,STATEWIDE AMENDMENT 3,1,YES VOTE ENDORSED,0.95,,,,,pdf,,100101_20041101,
AL,Birmingham News,100101,2004,AL,AMENDMENT,4,STATEWIDE AMENDMENT 4,0,NO VOTE ENDORSED,0.95,,,,,pdf,,100101_20041101,
AL,Birmingham News,100101,2004,AL,AMENDMENT,5_TRUSSVILLE,STATEWIDE AMENDMENT 5 - TRUSSVILLE,0,DON'T VOTE UNLESS YOU LIVE IN TRUSSVILLE; YES IF YOU LIVE IN TRUSSVILLE,0.85,CONDITIONAL ENDORSEMENT,,,,pdf,,100101_20041101,
AL,Birmingham News,100101,2004,AL,AMENDMENT,6_CRENSHAW,STATEWIDE AMENDMENT 6 - CRENSHAW COUNTY,0,DON'T VOTE IF YOU LIVE OUTSIDE CRENSHAW COUNTY,0.95,CONDITIONAL ENDORSEMENT,,,,pdf,,100101_20041101,
AL,Birmingham News,100101,2004,AL,AMENDMENT,7_MACON,STATEWIDE AMENDMENT 7 - MACON COUNTY,0,DON'T VOTE IF YOU LIVE OUTSIDE MACON COUNTY,0.95,CONDITIONAL ENDORSEMENT,,,,pdf,,100101_20041101,
AL,Birmingham News,100101,2004,AL,AMENDMENT,8,STATEWIDE AMENDMENT 8,1,YES VOTE ENDORSED,0.95,,,,,pdf,,100101_20041101,
AL,Birmingham News,100101,2004,AL,AMENDMENT,SHELBY_1,SHELBY COUNTY AMENDMENT 1,1,YES VOTE ENDORSED,0.95,,,,,pdf,,100101_20041101,
AL,Birmingham News,100101,2004,AL,AMENDMENT,SHELBY_2,SHELBY COUNTY AMENDMENT 2,1,YES VOTE ENDORSED,0.95,,,,,pdf,,100101_20041101,
AL,Birmingham News,100101,2006,AL,AMENDMENT,1,AMENDMENT 1,0,DON'T VOTE,0.95,,,,,pdf,,100101_20061106,
AL,Birmingham News,100101,2006,AL,AMENDMENT,2,AMENDMENT 2,1,YES VOTE,0.95,,,,,pdf,,100101_20061106,
AL,Birmingham News,100101,2006,AL,AMENDMENT,3,AMENDMENT 3,0,DON'T VOTE,0.95,,,,,pdf,,100101_20061106,
AL,Birmingham News,100101,2008,AL,AMENDMENT,1,CONSTITUTIONAL AMENDMENT 1,1,YES VOTE ENDORSED,0.95,,,,,pdf,,100101_20081103,
AL,Birmingham News,100101,2008,AL,AMENDMENT,2-6,CONSTITUTIONAL AMENDMENTS 2-6,0,DON'T VOTE UNLESS YOU LIVE IN THE COUNTY OR CITY AFFECTED,0.95,CONDITIONAL ENDORSEMENT; SHELBY COUNTY VOTERS SHOULD VOTE YES ON AMENDMENT 2,,,,pdf,,100101_20081103,
AL,Birmingham News,100101,2008,AL,LOCAL,JEFFERSON_SEWER,JEFFERSON COUNTY CONSTITUTIONAL AMENDMENT ON SEWER BILLS,1,YES VOTE ENDORSED,0.95,,,,,pdf,,100101_20081103,
AL,Birmingham News,100101,2008,AL,LOCAL,SHELBY_BOARD,SHELBY COUNTY AMENDMENT ON BOARD OF EQUALIZATION,1,YES VOTE ENDORSED,0.95,,,,,pdf,,100101_20081103,
AL,Birmingham News,100101,2010,AL,AMENDMENT,1,STATEWIDE CONSTITUTIONAL AMENDMENT 1,0,NO VOTE ENDORSED,0.95,,,,,pdf,,100101_20101101,
AL,Birmingham News,100101,2010,AL,AMENDMENT,2,STATEWIDE CONSTITUTIONAL AMENDMENT 2,0,NO VOTE ENDORSED,0.95,,,,,pdf,,100101_20101101,
AL,Birmingham News,100101,2010,AL,AMENDMENT,3,STATEWIDE CONSTITUTIONAL AMENDMENT 3,0,NO VOTE ENDORSED,0.95,,,,,pdf,,100101_20101101,
AL,Birmingham News,100101,2010,AL,AMENDMENT,JEFFERSON_COUNTY,JEFFERSON COUNTY AMENDMENT,0,NO VOTE ENDORSED,0.95,,,,,pdf,,100101_20101101,
AL,Birmingham News,100101,2010,AL,AMENDMENT,SHELBY_COUNTY,SHELBY COUNTY AMENDMENT,0,NO VOTE ENDORSED,0.95,,,,,pdf,,100101_20101101,
